URL,Dernière exploration
https://www.gainable.fr/installation-climatisation-montpellier,2026-04-25
https://www.gainable.fr/trouver-installateur/saint-barthelemy,2026-04-24
https://www.gainable.fr/climatisation-brest,2026-04-19
https://www.gainable.fr/hotellerie-restauration,2026-04-18
https://www.gainable.fr/climatisation-bordeaux,2026-04-17
https://www.gainable.fr/post/gainable-trouvez-solution-climatisation-maison-villa,2026-04-09
https://www.gainable.fr/blog/tags/https---fr-wikipedia-org-wiki-mitsubishi,2026-04-04
https://www.gainable.fr/climatisation-aix-provence,2026-04-02
https://www.gainable.fr/installation-climatisation-limoge,2026-03-31
https://www.gainable.fr/blog/tags/couts-climatisation,2026-03-31
https://www.gainable.fr/post/gainable-plateforme-confiance-diagnostic-immobilier-solutions?utm_source=facebook&utm_medium=blog.post-promoter&utm_campaign=465cba57-79b7-4fff-88ef-0206609087b6,2026-03-31
https://www.gainable.fr/entreprise/climatisation-pompe-a-chaleur-miramas-air-g-energie-8907/articles/linstallation-dun-systeme-de-climatisation-gainable-daikin-a-septemes-les-vallons,2026-03-28
https://www.gainable.fr/post/installation-climatisation-gainable-vrv-conseils-bonnes-pratiques,2026-03-21
https://www.gainable.fr/post/meilleures-pratiques-installation-climatisation-gainable-entrepot,2026-03-18
https://www.gainable.fr/installation-climatisation-cannes,2026-03-17
https://www.gainable.fr/blog/tags/regulation,2026-03-17
https://www.gainable.fr/blog/tags/daikin-vrv,2026-03-17
https://www.gainable.fr/post/guide-entretien-conduits-systeme-climatisation-gainable-avantage,2026-03-16
https://www.gainable.fr/post/benefices-climatisation-gainable-batiments-haute-performance-energetique,2026-03-16
https://www.gainable.fr/climatisation-arcachon,2026-03-14
https://www.gainable.fr/post/gainable-plateforme-confiance-diagnostic-immobilier-solutions?utm_source=linkedin&utm_medium=blog.post-promoter&utm_campaign=e2cc3337-2ea3-4625-89cd-beeeb0eb0bc3&trk=public_post_main-feed-card-text,2026-03-13
https://www.gainable.fr/post/climatisation-gainable-vrv-cta-systeme-mieux-votre-projet,2026-03-12
https://www.gainable.fr/pro/air-g-energie-miramas,2026-03-12
https://www.gainable.fr/post/avantages-inattendus-climatisation-gainable-silencieuse-espaces-vie,2026-03-11
https://www.gainable.fr/pro/climatisation-pompe-a-chaleur-miramas-air-g-energie-9955,2026-03-09
https://www.gainable.fr/pro/climatisation-pompe-a-chaleur-caen-fc-services-1506,2026-03-08
https://www.gainable.fr/post/comment-climatisation-gainable-transformer-espaces-vie,2026-03-07
https://www.gainable.fr/post/climatisation-gainable-accessibilite-solutions-personnes-mobilite-reduite,2026-03-07
https://www.gainable.fr/post/rafraichissement-dessus-tete-climatisation-plafonnier-confort-sans-effort,2026-03-06
https://www.gainable.fr/post/changer-climat-climatisation-actions-essentielles-dereglement,2026-03-06
https://www.gainable.fr/post/climatisation-gainable-domotique-pour-maison-intelligente,2026-03-06
https://www.gainable.fr/post/avantages-zonage-systemes-climatisation-gainable-comment-airzone,2026-03-05
https://www.gainable.fr/blog,2026-03-03
https://www.gainable.fr/post/comment-choisir-sa-climatisation?utm_source=facebook&utm_medium=blog.post-promoter&utm_campaign=904c9eef-89ed-41c8-a55d-4d9c87c7b02f,2026-03-01
https://www.gainable.fr/post/regulation-temperature-meilleures-pratiques-climatisation-gainable-performante?utm_source=linkedin&utm_medium=blog.post-promoter&utm_campaign=12ddbb3c-307d-4b84-9777-636c92ad7b49,2026-03-01
https://www.gainable.fr/post/climatisation-gainable-vs-traditionnelle-differences,2026-03-01
https://www.gainable.fr/post/climatisation-gainable-conception-batiments-durables-maximiser-efficacite-energetique?utm_source=facebook&utm_medium=blog.post-promoter&utm_campaign=8ebdf211-e87c-4b76-93df-b8e812a541a1,2026-02-27
https://www.gainable.fr/post/meilleures-pratiques-installation-climatisation-gainable-entrepot?utm_source=facebook&utm_medium=blog.post-promoter&utm_campaign=1a094b48-8556-4fa2-b970-8e9dae1d08de,2026-02-27
https://www.gainable.fr/post/allier-confort-responsabilite-impact-climatisation-dereglement-climatique,2026-02-27
https://www.gainable.fr/post/maximiser-durabilite-systeme-de-climatisation-gainable,2026-02-26
https://www.gainable.fr/post/comment-choisir-sa-climatisation,2026-02-26
https://www.gainable.fr/post/climatisation-gainable-conception-batiments-durables-maximiser-efficacite-energetique,2026-02-25
https://www.gainable.fr/installation-climatisation-grenoble,2026-02-25
https://www.gainable.fr/climatisation-toulouse,2026-02-24
https://www.gainable.fr/post/climatisation-gainable-qualité-air-interieur-savoir?utm_source=facebook&utm_medium=blog.post-promoter&utm_campaign=473815f7-3d4d-4e70-9011-69c878216df5,2026-02-20
https://www.gainable.fr/blog/tags/performance-cta,2026-02-16
https://www.gainable.fr/post/dernieres-tendances-matiere-climatisation-gainable-residences-luxe?utm_source=facebook&utm_medium=blog.post-promoter&utm_campaign=6d53f5a6-0067-4733-8d8d-5c3c72c835f7,2026-02-15
https://www.gainable.fr/post/dernieres-tendances-matiere-climatisation-gainable-residences-luxe?utm_source=facebook&utm_medium=blog.post-promoter&utm_campaign=f487e47a-260a-43bd-a1f2-2ca404dfd0ba,2026-02-15
https://www.gainable.fr/post/guide-installation-climatisation-gainable-vrv-batiment-residentiel,2026-02-15
https://www.gainable.fr/post/benefices-integration-solutions-airzone-webserveur-systemes-gainables,2026-02-15
https://www.gainable.fr/installation-climatisation-monaco,2026-02-14
https://www.gainable.fr/post/optimiser-circulation-air-avec-climatisation-gainable,2026-02-14
https://www.gainable.fr/lyon,2026-02-14
https://www.gainable.fr/post/guide-optimiser-efficacite-systeme-climatisation-gainable-ete?utm_source=facebook&utm_medium=blog.post-promoter&utm_campaign=504771fa-c5b8-436d-aa7a-b5f2d4b98656,2026-02-14
https://www.gainable.fr/post/choisir-bonne-capacite-pour-systeme-climatisation-gainable-vrv,2026-02-12
https://www.gainable.fr/post/climatisation-gainable-qualité-air-interieur-savoir,2026-02-12
https://www.gainable.fr/post/5-risques-meconnus-lies-entretien-climatisations-gainables-comment-eviter,2026-02-11
https://www.gainable.fr/post/climatisation-gainable-reglementation-assurer-conformite-projets,2026-02-11
https://www.gainable.fr/post/climatisation-gainable-controle-humidite-comment-maintenir-niveau-confortable,2026-02-10
https://www.gainable.fr/post/controle-programmation-climatisation-gainable-devez-savoir,2026-02-10
https://www.gainable.fr/post/avantages-systemes-climatisation-tertiaire-vrv-daikin-grands-complexes-commercia,2026-02-09
https://www.gainable.fr/post/climatisation-gainable-bien-etre-residents-ameliorer-qualite-vie,2026-02-09
https://www.gainable.fr/blog/tags/utilisateur,2026-02-04
https://www.gainable.fr/post/economies-realisables-climatisation-gainable-immeubles-bureaux?utm_source=facebook&utm_medium=blog.post-promoter&utm_campaign=6110f1c5-346c-449c-b967-d8bf502e10f5,2026-02-04
https://www.gainable.fr/ciotat,2026-02-03
https://www.gainable.fr/post/reduire-couts-chauffage-et-climatisation-avec-systeme-gainable?utm_source=linkedin&utm_medium=blog.post-promoter&utm_campaign=cc956ed9-52b9-46f9-abfa-d8d71bdd4995&trk=public_post-text,2026-02-03
https://www.gainable.fr/blog/tags/insonorisation,2026-02-02
https://www.gainable.fr/post/reduire-couts-chauffage-et-climatisation-avec-systeme-gainable?utm_source=facebook&utm_medium=blog.post-promoter&utm_campaign=2724d44a-db86-4591-95cf-052950294fbf,2026-01-31
https://www.gainable.fr/post/installation-climatisation-gainable-industrie-conseils-pratiques,2026-01-31
https://www.gainable.fr/post/marques-climatisation-gainable-recommandees-experts,2026-01-30
https://www.gainable.fr/blog/tags/performance-vrv,2026-01-30
https://www.gainable.fr/blog/tags/économies-énergie,2026-01-30
https://www.gainable.fr/blog/tags/faux-plafond,2026-01-30
https://www.gainable.fr/post/conseils-maximiser-efficacite-votre-systeme-climatisation-gainable,2026-01-30
https://www.gainable.fr/installation-climatisation-nice,2026-01-29
https://www.gainable.fr/blog/tags/comparaison-climatisation,2026-01-29
https://www.gainable.fr/installation-climatisation-lavandou,2026-01-29
https://www.gainable.fr/installation-climatisation-paris,2026-01-29
https://www.gainable.fr/post/dernieres-avancees-matiere-controle-qualite-air-climatisation-gainable,2026-01-29
https://www.gainable.fr/post/serenite-montagne-gainables-hyper-heating-la-solution-climatisation,2026-01-29
https://www.gainable.fr/sante,2026-01-29
https://www.gainable.fr/post/economies-energie-realisables-grace-gainable-vrv-efficace?utm_source=facebook&utm_medium=blog.post-promoter&utm_campaign=6b0526ee-23e2-4fad-a610-64f46fa03a96,2026-01-28
https://www.gainable.fr/post/meilleures-pratiques-reduire-couts-exploitation-climatisation-gainable?utm_source=facebook&utm_medium=blog.post-promoter&utm_campaign=9d93614d-6cac-4dd4-9bfc-1b2727db8894,2026-01-28
https://www.gainable.fr/post/tendances-matiere-climatisation-gainable-villas-maisons?utm_source=facebook&utm_medium=blog.post-promoter&utm_campaign=f21be2c6-197a-4409-be38-4e0581e17a16,2026-01-28
https://www.gainable.fr/installation-climatisation-rennes,2026-01-28
https://www.gainable.fr/post/economies-energie-realisables-grace-gainable-vrv-efficace,2026-01-28
https://www.gainable.fr/installation-climatisation-ajaccio,2026-01-28
https://www.gainable.fr/post/controle-programmation-climatisation-gainable-devez-savoir?utm_source=facebook&utm_medium=blog.post-promoter&utm_campaign=3f1d923d-5a37-4fc8-b4cb-f4bf5f64ac8e,2026-01-28
https://www.gainable.fr/post/dernieres-tendances-matiere-climatisation-gainable-residences-luxe,2026-01-28
https://www.gainable.fr/installation-climatisation-lyon,2026-01-27
https://www.gainable.fr/post/comment-integration-de-solutions-airzone-et-de-webserveur-ameliore,2026-01-27
https://www.gainable.fr/blog/tags/avantages-cta,2026-01-27
https://www.gainable.fr/blog/tags/espace-nécessaire,2026-01-27
https://www.gainable.fr/post/climatisation-gainable-reglementation-assurer-conformite-projets?utm_source=facebook&utm_medium=blog.post-promoter&utm_campaign=0f9439bf-8352-4ce3-a745-8448a4465df1,2026-01-27
https://www.gainable.fr/post/pourquoi-integration-solutions-airzone-webserveur-installations?utm_source=facebook&utm_medium=blog.post-promoter&utm_campaign=938246de-0c31-4242-b5f5-0f328698ee01,2026-01-27
https://www.gainable.fr/post/climatisation-tertiaire-mitsubishi-electric-optimisation-gestion-energie,2026-01-27
https://www.gainable.fr/post/climatisation-gainable-isolation-conseils-optimiser-efficacite-energetique,2026-01-26
https://www.gainable.fr/post/guide-l-installation-climatisation-gainable-bureaux-d-entreprise,2026-01-26
https://www.gainable.fr/post/tendances-matiere-technologie-systemes-climatisation-gainable-vrv,2026-01-26
https://www.gainable.fr/post/avantages-climatisation-gainable-zonee-grands-espaces,2026-01-26
https://www.gainable.fr/post/dernieres-avancees-matiere-controle-qualite-air-climatisation-gainable?utm_source=facebook&utm_medium=blog.post-promoter&utm_campaign=fc5cd94d-5334-473d-aee8-b2ae0566f308,2026-01-26
https://www.gainable.fr/post/optimiser-efficacite-climatisation-gainable-strategies-adopter?utm_source=facebook&utm_medium=blog.post-promoter&utm_campaign=035f2ca8-7988-4b98-abff-efbbd11aaf4b,2026-01-26
https://www.gainable.fr/blog/tags/pannes,2026-01-26
https://www.gainable.fr/installation-climatisation-salon-de-provence,2026-01-26
https://www.gainable.fr/post/guide-installation-climatisation-gainable-immeuble-de-bureaux?utm_source=linkedin&utm_medium=blog.post-promoter&utm_campaign=ccf13f97-e51e-48b8-8886-6361b310c30a&trk=public_post_main-feed-card-text,2026-01-25
https://www.gainable.fr/post/eviter-pieges-installation-climatisation-gainable-espace-restreint,2026-01-25
https://www.gainable.fr/installation-climatisation-nimes,2026-01-25
https://www.gainable.fr/installation-climatisation-carry-le-rouet,2026-01-25
https://www.gainable.fr/blog/tags/systeme-cvc,2026-01-25
https://www.gainable.fr/post/guide-installation-climatisation-gainable-immeuble-de-bureaux,2026-01-25
https://www.gainable.fr/post/lsolutions-climatisation-gainable-adaptees-batiments-historiques?utm_source=linkedin&utm_medium=blog.post-promoter&utm_campaign=a32fd646-8a24-442d-9523-ebdc3e1aac65&trk=public_post-text,2026-01-25
https://www.gainable.fr/post/optimiser-efficacite-climatisation-gainable-strategies-adopter,2026-01-25
https://www.gainable.fr/post/tendances-matiere-climatisation-gainable-villas-maisons,2026-01-25
https://www.gainable.fr/post/facteurs-considerer-planification-installation-climatisation-commerce-detail,2026-01-25
https://www.gainable.fr/post/pourquoi-integration-solutions-airzone-webserveur-installations,2026-01-25
https://www.gainable.fr/climatisation-marseille,2026-01-25
https://www.gainable.fr/post/diagnostic-immobilier-climatisation-expertise-gainable-recommandation,2026-01-25
https://www.gainable.fr/post/guide-programmation-gestion-intelligente-systeme-climatisation-gainable,2026-01-25
https://www.gainable.fr/bureau-etudes,2026-01-23
https://www.gainable.fr/post/planifier-entretien-regulier-systeme-climatisation-gainable?utm_source=facebook&utm_medium=blog.post-promoter&utm_campaign=38ede78b-8a79-4efa-b3a7-5ddba7d4ea12,2026-01-23
https://www.gainable.fr/post/importance-isolation-gaines-systemes-climatisation-gainable-reversible,2026-01-23
https://www.gainable.fr/climatisation-laciotat,2026-01-23
https://www.gainable.fr/post/planifier-entretien-regulier-systeme-climatisation-gainable,2026-01-22
https://www.gainable.fr/post/guide-installation-climatisation-gainable-ecole,2026-01-14
https://www.gainable.fr/climatisation-larochelle,2026-01-13
https://www.gainable.fr/post/guide-entretien-regulier-climatisation-gainables?utm_source=facebook&utm_medium=blog.post-promoter&utm_campaign=d0d2cb42-a3e4-4018-8d2a-a5f338bd6db4,2026-01-12
https://www.gainable.fr/post/installation-climatisation-gainable-industrie-conseils-pratiques?utm_source=facebook&utm_medium=blog.post-promoter&utm_campaign=c8c474d6-4469-4e57-8c9b-901f5add1bee,2026-01-12
https://www.gainable.fr/post/erreurs-eviter-installation-climatisation-gainable?utm_source=facebook&utm_medium=blog.post-promoter&utm_campaign=1bea263a-77b1-41e4-93e8-542035ede9b4,2026-01-11
https://www.gainable.fr/blog/tags/inspections,2026-01-04
https://www.gainable.fr/blog/tags/risques-entretien-climatisation,2026-01-04
https://www.gainable.fr/post/vrv-daikin-comment-idee-audacieuse-transforme-industrie-climatisation,2026-01-04
https://www.gainable.fr/post/climatisation-gainable-securite-incendie-vous-devez-savoir,2026-01-04
https://www.gainable.fr/blog/tags/diffusion,2026-01-03
https://www.gainable.fr/post/meilleurs-systemes-climatisation-gainable-espaces-divertissement,2026-01-02
https://www.gainable.fr/post/guide-entretien-regulier-systemes-climatisation-gainable-vrv,2026-01-02
https://www.gainable.fr/post/erreurs-eviter-installation-climatisation-gainable,2026-01-02
https://www.gainable.fr/post/climatisation-gainable-pourquoi-option-ideale-batiments-historiques?utm_source=facebook&utm_medium=blog.post-promoter&utm_campaign=ef3007ae-f4ff-4919-b8a7-b26b668d4312,2026-01-02
https://www.gainable.fr/post/climatisation-gainable-pourquoi-option-ideale-batiments-historiques,2026-01-02
https://www.gainable.fr/post/guide-installation-climatisation-gainable-centre-sante,2026-01-01
https://www.gainable.fr/post/comment-choisir-bonne-capacite-systeme-climatisation-gainable,2026-01-01
https://www.gainable.fr/post/climatisation-gainable-vrv-cta-système-mieux-votre-projet,2025-12-29
https://www.gainable.fr/blog/tags/intelligent,2025-12-27